State,Year,Average Unemployment Rate (%)
Alabama,1976,6.7
Alabama,1977,7.1499999999999995
Alabama,1978,6.408333333333334
Alabama,1979,7.2250000000000005
Alabama,1980,8.816666666666666
Alabama,1981,10.691666666666668
Alabama,1982,13.950000000000001
Alabama,1983,13.816666666666668
Alabama,1984,11.283333333333333
Alabama,1985,9.541666666666666
Alabama,1986,9.566666666666666
Alabama,1987,8.183333333333334
Alabama,1988,7.2749999999999995
Alabama,1989,7.0
Alabama,1990,6.825
Alabama,1991,7.325
Alabama,1992,7.5249999999999995
Alabama,1993,7.241666666666667
Alabama,1994,6.175
Alabama,1995,5.833333333333333
Alabama,1996,5.208333333333333
Alabama,1997,4.933333333333333
Alabama,1998,4.458333333333333
Alabama,1999,4.7250000000000005
Alabama,2000,4.625
Alabama,2001,5.183333333333334
Alabama,2002,5.925000000000001
Alabama,2003,5.983333333333333
Alabama,2004,5.575
Alabama,2005,4.458333333333333
Alabama,2006,4.0
Alabama,2007,4.041666666666667
Alabama,2008,5.883333333333333
Alabama,2009,10.083333333333334
Alabama,2010,10.375
Alabama,2011,9.583333333333334
Alabama,2012,8.158333333333333
Alabama,2013,7.325
Alabama,2014,6.733333333333333
Alabama,2015,6.125
Alabama,2016,5.908333333333334
Alabama,2017,4.508333333333334
Alabama,2018,3.9416666666666664
Alabama,2019,3.1833333333333336
Alabama,2020,6.425
Alabama,2021,3.3666666666666667
Alabama,2022,2.575
Alaska,1976,7.566666666666666
Alaska,1977,9.891666666666667
Alaska,1978,10.633333333333333
Alaska,1979,9.058333333333334
Alaska,1980,9.533333333333333
Alaska,1981,9.183333333333334
Alaska,1982,10.058333333333334
Alaska,1983,10.1
Alaska,1984,9.891666666666667
Alaska,1985,9.841666666666667
Alaska,1986,11.1
Alaska,1987,10.141666666666667
Alaska,1988,8.733333333333333
Alaska,1989,7.1000000000000005
Alaska,1990,7.258333333333333
Alaska,1991,8.341666666666667
Alaska,1992,8.858333333333333
Alaska,1993,7.8
Alaska,1994,7.616666666666667
Alaska,1995,7.325
Alaska,1996,7.425
Alaska,1997,6.933333333333334
Alaska,1998,6.325
Alaska,1999,6.408333333333334
Alaska,2000,6.316666666666666
Alaska,2001,6.283333333333334
Alaska,2002,7.166666666666667
Alaska,2003,7.683333333333334
Alaska,2004,7.416666666666667
Alaska,2005,6.933333333333334
Alaska,2006,6.633333333333333
Alaska,2007,6.258333333333333
Alaska,2008,6.4750000000000005
Alaska,2009,7.983333333333333
Alaska,2010,8.133333333333333
Alaska,2011,7.733333333333333
Alaska,2012,7.25
Alaska,2013,6.991666666666667
Alaska,2014,6.741666666666667
Alaska,2015,6.2749999999999995
Alaska,2016,6.6000000000000005
Alaska,2017,6.508333333333333
Alaska,2018,6.041666666666667
Alaska,2019,5.591666666666666
Alaska,2020,8.308333333333334
Alaska,2021,6.433333333333334
Alaska,2022,4.0249999999999995
Arizona,1976,9.758333333333333
Arizona,1977,8.4
Arizona,1978,5.95
Arizona,1979,5.075
Arizona,1980,6.608333333333333
Arizona,1981,6.191666666666666
Arizona,1982,9.958333333333334
Arizona,1983,9.108333333333333
Arizona,1984,4.958333333333333
Arizona,1985,6.358333333333333
Arizona,1986,7.05
Arizona,1987,6.508333333333333
Arizona,1988,6.408333333333334
Arizona,1989,5.241666666666666
Arizona,1990,5.216666666666667
Arizona,1991,5.858333333333333
Arizona,1992,7.566666666666666
Arizona,1993,6.366666666666667
Arizona,1994,6.191666666666666
Arizona,1995,5.3
Arizona,1996,5.491666666666667
Arizona,1997,4.625
Arizona,1998,4.2749999999999995
Arizona,1999,4.458333333333333
Arizona,2000,3.983333333333333
Arizona,2001,4.7250000000000005
Arizona,2002,6.141666666666667
Arizona,2003,5.783333333333334
Arizona,2004,4.966666666666667
Arizona,2005,4.666666666666667
Arizona,2006,4.308333333333334
Arizona,2007,3.75
Arizona,2008,5.791666666666667
Arizona,2009,9.666666666666666
Arizona,2010,10.299999999999999
Arizona,2011,9.433333333333334
Arizona,2012,8.35
Arizona,2013,7.816666666666666
Arizona,2014,6.791666666666667
Arizona,2015,6.075
Arizona,2016,5.483333333333333
Arizona,2017,4.9750000000000005
Arizona,2018,4.808333333333334
Arizona,2019,4.808333333333334
Arizona,2020,7.841666666666666
Arizona,2021,5.075
Arizona,2022,3.8249999999999997
Arkansas,1976,6.916666666666667
Arkansas,1977,6.4750000000000005
Arkansas,1978,6.2250000000000005
Arkansas,1979,6.283333333333334
Arkansas,1980,7.533333333333334
Arkansas,1981,8.6
Arkansas,1982,9.466666666666667
Arkansas,1983,9.700000000000001
Arkansas,1984,8.533333333333333
Arkansas,1985,8.491666666666667
Arkansas,1986,8.541666666666666
Arkansas,1987,8.141666666666667
Arkansas,1988,7.7
Arkansas,1989,7.041666666666667
Arkansas,1990,6.875
Arkansas,1991,7.308333333333334
Arkansas,1992,7.0
Arkansas,1993,6.133333333333333
Arkansas,1994,5.441666666666666
Arkansas,1995,4.866666666666666
Arkansas,1996,5.166666666666667
Arkansas,1997,5.108333333333333
Arkansas,1998,5.05
Arkansas,1999,4.533333333333333
Arkansas,2000,4.175
Arkansas,2001,4.758333333333334
Arkansas,2002,5.333333333333333
Arkansas,2003,5.758333333333333
Arkansas,2004,5.583333333333333
Arkansas,2005,5.258333333333334
Arkansas,2006,5.25
Arkansas,2007,5.391666666666667
Arkansas,2008,5.441666666666666
Arkansas,2009,7.7250000000000005
Arkansas,2010,7.858333333333333
Arkansas,2011,7.908333333333334
Arkansas,2012,7.266666666666667
Arkansas,2013,7.041666666666667
Arkansas,2014,5.8999999999999995
Arkansas,2015,4.95
Arkansas,2016,3.983333333333333
Arkansas,2017,3.7416666666666667
Arkansas,2018,3.658333333333333
Arkansas,2019,3.4916666666666667
Arkansas,2020,6.2
Arkansas,2021,4.075
Arkansas,2022,3.3000000000000003
California,1976,9.15
California,1977,8.391666666666667
California,1978,7.133333333333333
California,1979,6.216666666666666
California,1980,6.8999999999999995
California,1981,7.433333333333334
California,1982,10.058333333333334
California,1983,9.825000000000001
California,1984,7.758333333333333
California,1985,7.183333333333334
California,1986,6.766666666666667
California,1987,5.825
California,1988,5.2749999999999995
California,1989,5.091666666666667
California,1990,5.791666666666667
California,1991,7.825
California,1992,9.35
California,1993,9.533333333333333
California,1994,8.65
California,1995,7.891666666666667
California,1996,7.3500000000000005
California,1997,6.408333333333334
California,1998,5.933333333333334
California,1999,5.266666666666667
California,2000,4.925
California,2001,5.466666666666666
California,2002,6.758333333333333
California,2003,6.891666666666667
California,2004,6.216666666666666
California,2005,5.383333333333333
California,2006,4.916666666666667
California,2007,5.308333333333334
California,2008,7.3
California,2009,11.541666666666666
California,2010,12.458333333333334
California,2011,11.891666666666666
California,2012,10.525
California,2013,9.033333333333333
California,2014,7.566666666666666
California,2015,6.2250000000000005
California,2016,5.516666666666667
California,2017,4.833333333333333
California,2018,4.258333333333334
California,2019,4.1000000000000005
California,2020,10.200000000000001
California,2021,7.325
California,2022,4.183333333333334
Colorado,1976,5.916666666666667
Colorado,1977,6.3500000000000005
Colorado,1978,5.558333333333334
Colorado,1979,4.616666666666666
Colorado,1980,5.883333333333333
Colorado,1981,5.641666666666667
Colorado,1982,7.608333333333333
Colorado,1983,7.116666666666667
Colorado,1984,5.491666666666667
Colorado,1985,5.983333333333333
Colorado,1986,7.516666666666667
Colorado,1987,7.541666666666667
Colorado,1988,6.416666666666667
Colorado,1989,5.583333333333333
Colorado,1990,5.133333333333333
Colorado,1991,5.283333333333333
Colorado,1992,6.091666666666666
Colorado,1993,5.383333333333333
Colorado,1994,4.141666666666667
Colorado,1995,4.0249999999999995
Colorado,1996,4.166666666666667
Colorado,1997,3.358333333333333
Colorado,1998,3.6166666666666667
Colorado,1999,3.016666666666667
Colorado,2000,2.7416666666666667
Colorado,2001,3.8166666666666664
Colorado,2002,5.683333333333334
Colorado,2003,6.108333333333333
Colorado,2004,5.566666666666666
Colorado,2005,5.075
Colorado,2006,4.2749999999999995
Colorado,2007,3.6999999999999997
Colorado,2008,4.875
Colorado,2009,7.875
Colorado,2010,9.141666666666667
Colorado,2011,8.691666666666666
Colorado,2012,8.0
Colorado,2013,6.75
Colorado,2014,4.983333333333333
Colorado,2015,3.7416666666666667
Colorado,2016,3.1333333333333333
Colorado,2017,2.6083333333333334
Colorado,2018,3.0500000000000003
Colorado,2019,2.6666666666666665
Colorado,2020,6.766666666666667
Colorado,2021,5.458333333333333
Colorado,2022,3.016666666666667
Connecticut,1976,9.175
Connecticut,1977,6.991666666666667
Connecticut,1978,5.291666666666667
Connecticut,1979,5.083333333333333
Connecticut,1980,5.666666666666667
Connecticut,1981,6.2
Connecticut,1982,6.858333333333333
Connecticut,1983,6.008333333333333
Connecticut,1984,4.6499999999999995
Connecticut,1985,4.391666666666667
Connecticut,1986,3.7583333333333333
Connecticut,1987,3.1333333333333333
Connecticut,1988,2.875
Connecticut,1989,3.6
Connecticut,1990,4.933333333333334
Connecticut,1991,6.55
Connecticut,1992,7.333333333333333
Connecticut,1993,6.483333333333333
Connecticut,1994,5.541666666666667
Connecticut,1995,5.308333333333334
Connecticut,1996,5.2
Connecticut,1997,4.683333333333334
Connecticut,1998,3.2416666666666667
Connecticut,1999,2.4583333333333335
Connecticut,2000,2.1083333333333334
Connecticut,2001,2.875
Connecticut,2002,4.3999999999999995
Connecticut,2003,5.45
Connecticut,2004,5.091666666666667
Connecticut,2005,4.8
Connecticut,2006,4.425
Connecticut,2007,4.45
Connecticut,2008,5.6499999999999995
Connecticut,2009,8.325000000000001
Connecticut,2010,9.558333333333334
Connecticut,2011,9.016666666666667
Connecticut,2012,8.358333333333334
Connecticut,2013,7.95
Connecticut,2014,6.616666666666667
Connecticut,2015,5.616666666666667
Connecticut,2016,4.866666666666666
Connecticut,2017,4.416666666666667
Connecticut,2018,3.8833333333333333
Connecticut,2019,3.608333333333333
Connecticut,2020,7.966666666666666
Connecticut,2021,6.291666666666667
Connecticut,2022,4.158333333333333
Delaware,1976,8.6
Delaware,1977,8.183333333333334
Delaware,1978,7.074999999999999
Delaware,1979,6.9750000000000005
Delaware,1980,7.516666666666667
Delaware,1981,7.783333333333334
Delaware,1982,8.358333333333333
Delaware,1983,7.8999999999999995
Delaware,1984,6.216666666666666
Delaware,1985,5.1499999999999995
Delaware,1986,4.175
Delaware,1987,3.033333333333333
Delaware,1988,2.983333333333333
Delaware,1989,3.3083333333333336
Delaware,1990,4.408333333333333
Delaware,1991,5.916666666666667
Delaware,1992,5.2250000000000005
Delaware,1993,4.908333333333333
Delaware,1994,4.7
Delaware,1995,4.266666666666667
Delaware,1996,4.95
Delaware,1997,4.008333333333334
Delaware,1998,3.4916666666666667
Delaware,1999,3.283333333333333
Delaware,2000,3.608333333333334
Delaware,2001,3.5749999999999997
Delaware,2002,4.266666666666667
Delaware,2003,4.466666666666667
Delaware,2004,4.3
Delaware,2005,4.508333333333334
Delaware,2006,3.908333333333333
Delaware,2007,3.608333333333333
Delaware,2008,5.033333333333333
Delaware,2009,8.341666666666667
Delaware,2010,8.658333333333333
Delaware,2011,7.608333333333333
Delaware,2012,7.066666666666666
Delaware,2013,6.608333333333333
Delaware,2014,5.608333333333333
Delaware,2015,4.791666666666667
Delaware,2016,4.5249999999999995
Delaware,2017,4.466666666666667
Delaware,2018,3.7083333333333335
Delaware,2019,3.591666666666667
Delaware,2020,7.508333333333333
Delaware,2021,5.5
Delaware,2022,4.491666666666666
District of Columbia,1976,8.616666666666667
District of Columbia,1977,8.625
District of Columbia,1978,7.791666666666667
District of Columbia,1979,6.841666666666666
District of Columbia,1980,7.433333333333334
District of Columbia,1981,8.683333333333334
District of Columbia,1982,10.341666666666667
District of Columbia,1983,10.9
District of Columbia,1984,8.883333333333333
District of Columbia,1985,7.966666666666668
District of Columbia,1986,7.366666666666667
District of Columbia,1987,6.266666666666667
District of Columbia,1988,5.0249999999999995
District of Columbia,1989,4.808333333333334
District of Columbia,1990,5.891666666666667
District of Columbia,1991,7.7
District of Columbia,1992,8.583333333333334
District of Columbia,1993,8.4
District of Columbia,1994,7.933333333333334
District of Columbia,1995,8.608333333333333
District of Columbia,1996,8.424999999999999
District of Columbia,1997,8.141666666666667
District of Columbia,1998,8.316666666666666
District of Columbia,1999,6.575
District of Columbia,2000,5.691666666666666
District of Columbia,2001,6.466666666666666
District of Columbia,2002,6.983333333333333
District of Columbia,2003,7.2749999999999995
District of Columbia,2004,8.083333333333334
District of Columbia,2005,6.991666666666667
District of Columbia,2006,6.325
District of Columbia,2007,5.95
District of Columbia,2008,6.8500000000000005
District of Columbia,2009,10.0
District of Columbia,2010,9.950000000000001
District of Columbia,2011,10.191666666666666
District of Columbia,2012,8.975
District of Columbia,2013,8.433333333333334
District of Columbia,2014,7.708333333333333
District of Columbia,2015,6.916666666666667
District of Columbia,2016,6.233333333333333
District of Columbia,2017,6.1000000000000005
District of Columbia,2018,5.683333333333334
District of Columbia,2019,5.4750000000000005
District of Columbia,2020,7.883333333333333
District of Columbia,2021,6.833333333333333
District of Columbia,2022,4.616666666666666
Florida,1976,9.299999999999999
Florida,1977,8.275
Florida,1978,6.758333333333333
Florida,1979,5.991666666666667
Florida,1980,5.983333333333333
Florida,1981,6.8
Florida,1982,8.483333333333333
Florida,1983,8.641666666666667
Florida,1984,6.591666666666666
Florida,1985,6.075
Florida,1986,5.841666666666666
Florida,1987,5.3999999999999995
Florida,1988,5.191666666666666
Florida,1989,5.608333333333333
Florida,1990,6.233333333333333
Florida,1991,7.641666666666667
Florida,1992,8.366666666666667
Florida,1993,7.3999999999999995
Florida,1994,6.4750000000000005
Florida,1995,5.6000000000000005
Florida,1996,5.283333333333333
Florida,1997,4.925
Florida,1998,4.45
Florida,1999,3.933333333333333
Florida,2000,3.7583333333333333
Florida,2001,4.425
Florida,2002,4.958333333333333
Florida,2003,4.466666666666667
Florida,2004,3.75
Florida,2005,2.875
Florida,2006,2.466666666666667
Florida,2007,3.3000000000000003
Florida,2008,5.691666666666666
Florida,2009,9.558333333333334
Florida,2010,10.825000000000001
Florida,2011,10.0
Florida,2012,8.666666666666666
Florida,2013,7.533333333333334
Florida,2014,6.433333333333334
Florida,2015,5.5249999999999995
Florida,2016,4.916666666666667
Florida,2017,4.3
Florida,2018,3.65
Florida,2019,3.25
Florida,2020,8.174999999999999
Florida,2021,4.658333333333333
Florida,2022,2.9
Georgia,1976,8.158333333333333
Georgia,1977,6.933333333333334
Georgia,1978,5.691666666666666
Georgia,1979,5.133333333333334
Georgia,1980,6.308333333333334
Georgia,1981,6.45
Georgia,1982,7.8
Georgia,1983,7.641666666666667
Georgia,1984,6.1000000000000005
Georgia,1985,6.341666666666666
Georgia,1986,5.916666666666667
Georgia,1987,5.558333333333334
Georgia,1988,5.616666666666667
Georgia,1989,5.3999999999999995
Georgia,1990,5.3500000000000005
Georgia,1991,5.291666666666667
Georgia,1992,6.583333333333333
Georgia,1993,5.733333333333333
Georgia,1994,5.05
Georgia,1995,4.733333333333333
Georgia,1996,4.608333333333333
Georgia,1997,4.483333333333333
Georgia,1998,4.183333333333334
Georgia,1999,3.8166666666666664
Georgia,2000,3.533333333333333
Georgia,2001,4.091666666666667
Georgia,2002,5.308333333333334
Georgia,2003,5.141666666666667
Georgia,2004,5.083333333333333
Georgia,2005,5.683333333333334
Georgia,2006,5.075
Georgia,2007,4.908333333333333
Georgia,2008,6.783333333333334
Georgia,2009,10.408333333333333
Georgia,2010,10.658333333333333
Georgia,2011,10.158333333333333
Georgia,2012,9.041666666666666
Georgia,2013,8.141666666666667
Georgia,2014,7.141666666666667
Georgia,2015,6.075
Georgia,2016,5.466666666666668
Georgia,2017,4.758333333333334
Georgia,2018,4.0
Georgia,2019,3.5749999999999997
Georgia,2020,6.483333333333333
Georgia,2021,3.9166666666666665
Georgia,2022,3.033333333333333
Hawaii,1976,9.200000000000001
Hawaii,1977,7.616666666666667
Hawaii,1978,6.941666666666666
Hawaii,1979,5.7250000000000005
Hawaii,1980,4.975
Hawaii,1981,5.175
Hawaii,1982,6.116666666666667
Hawaii,1983,5.8999999999999995
Hawaii,1984,5.45
Hawaii,1985,5.2250000000000005
Hawaii,1986,4.675
Hawaii,1987,3.6999999999999997
Hawaii,1988,3.0749999999999997
Hawaii,1989,2.475
Hawaii,1990,2.6
Hawaii,1991,2.7916666666666665
Hawaii,1992,4.141666666666667
Hawaii,1993,4.383333333333334
Hawaii,1994,5.175
Hawaii,1995,5.5249999999999995
Hawaii,1996,5.916666666666667
Hawaii,1997,5.925
Hawaii,1998,5.825
Hawaii,1999,5.191666666666666
Hawaii,2000,4.25
Hawaii,2001,4.2749999999999995
Hawaii,2002,4.05
Hawaii,2003,3.908333333333333
Hawaii,2004,3.2916666666666665
Hawaii,2005,2.8249999999999997
Hawaii,2006,2.5500000000000003
Hawaii,2007,2.725
Hawaii,2008,4.033333333333333
Hawaii,2009,6.658333333333334
Hawaii,2010,6.825
Hawaii,2011,6.833333333333333
Hawaii,2012,5.8999999999999995
Hawaii,2013,4.758333333333334
Hawaii,2014,4.233333333333333
Hawaii,2015,3.4166666666666665
Hawaii,2016,2.891666666666667
Hawaii,2017,2.216666666666667
Hawaii,2018,2.408333333333333
Hawaii,2019,2.5166666666666666
Hawaii,2020,11.858333333333334
Hawaii,2021,6.016666666666667
Hawaii,2022,3.475
Idaho,1976,5.6499999999999995
Idaho,1977,5.8500000000000005
Idaho,1978,5.491666666666667
Idaho,1979,5.825
Idaho,1980,7.55
Idaho,1981,7.6499999999999995
Idaho,1982,9.883333333333333
Idaho,1983,9.075000000000001
Idaho,1984,7.2
Idaho,1985,7.808333333333334
Idaho,1986,8.383333333333333
Idaho,1987,7.625
Idaho,1988,6.191666666666666
Idaho,1989,5.483333333333333
Idaho,1990,5.625
Idaho,1991,6.341666666666666
Idaho,1992,6.516666666666667
Idaho,1993,6.075
Idaho,1994,5.5
Idaho,1995,5.5
Idaho,1996,5.425
Idaho,1997,5.216666666666667
Idaho,1998,5.233333333333333
Idaho,1999,5.008333333333334
Idaho,2000,4.658333333333333
Idaho,2001,5.083333333333333
Idaho,2002,5.616666666666667
Idaho,2003,5.566666666666666
Idaho,2004,4.866666666666666
Idaho,2005,3.9916666666666667
Idaho,2006,3.4250000000000003
Idaho,2007,3.025
Idaho,2008,5.033333333333333
Idaho,2009,8.708333333333334
Idaho,2010,8.758333333333333
Idaho,2011,8.166666666666666
Idaho,2012,7.3999999999999995
Idaho,2013,6.816666666666666
Idaho,2014,4.383333333333334
Idaho,2015,3.8666666666666667
Idaho,2016,3.6750000000000003
Idaho,2017,3.216666666666667
Idaho,2018,2.875
Idaho,2019,2.875
Idaho,2020,5.516666666666667
Idaho,2021,3.5
Idaho,2022,2.6750000000000003
Illinois,1976,6.55
Illinois,1977,6.191666666666666
Illinois,1978,5.983333333333333
Illinois,1979,5.583333333333333
Illinois,1980,8.216666666666667
Illinois,1981,8.625
Illinois,1982,11.4
Illinois,1983,11.708333333333334
Illinois,1984,9.133333333333335
Illinois,1985,9.058333333333334
Illinois,1986,8.308333333333334
Illinois,1987,7.466666666666666
Illinois,1988,6.741666666666667
Illinois,1989,6.066666666666666
Illinois,1990,6.3
Illinois,1991,7.283333333333334
Illinois,1992,7.866666666666667
Illinois,1993,7.491666666666667
Illinois,1994,5.8
Illinois,1995,5.2
Illinois,1996,5.283333333333333
Illinois,1997,4.7749999999999995
Illinois,1998,4.45
Illinois,1999,4.408333333333333
Illinois,2000,4.441666666666667
Illinois,2001,5.433333333333334
Illinois,2002,6.55
Illinois,2003,6.7250000000000005
Illinois,2004,6.175
Illinois,2005,5.716666666666666
Illinois,2006,4.6000000000000005
Illinois,2007,5.066666666666666
Illinois,2008,6.508333333333333
Illinois,2009,10.183333333333334
Illinois,2010,10.466666666666667
Illinois,2011,9.758333333333333
Illinois,2012,9.049999999999999
Illinois,2013,9.075000000000001
Illinois,2014,7.166666666666667
Illinois,2015,5.991666666666667
Illinois,2016,5.883333333333333
Illinois,2017,4.95
Illinois,2018,4.3999999999999995
Illinois,2019,3.966666666666667
Illinois,2020,9.333333333333334
Illinois,2021,6.091666666666666
Illinois,2022,4.541666666666667
Indiana,1976,6.033333333333334
Indiana,1977,5.766666666666667
Indiana,1978,5.55
Indiana,1979,6.433333333333334
Indiana,1980,9.716666666666667
Indiana,1981,9.700000000000001
Indiana,1982,11.983333333333334
Indiana,1983,11.1
Indiana,1984,8.466666666666667
Indiana,1985,7.675
Indiana,1986,6.808333333333334
Indiana,1987,6.133333333333333
Indiana,1988,5.175
Indiana,1989,4.716666666666667
Indiana,1990,5.108333333333333
Indiana,1991,5.7
Indiana,1992,6.091666666666666
Indiana,1993,5.116666666666666
Indiana,1994,4.658333333333333
Indiana,1995,4.433333333333334
Indiana,1996,3.966666666666667
Indiana,1997,3.4166666666666665
Indiana,1998,3.0083333333333333
Indiana,1999,2.9499999999999997
Indiana,2000,3.0500000000000003
Indiana,2001,4.241666666666666
Indiana,2002,5.191666666666666
Indiana,2003,5.275
Indiana,2004,5.3999999999999995
Indiana,2005,5.391666666666667
Indiana,2006,5.0
Indiana,2007,4.625
Indiana,2008,5.941666666666666
Indiana,2009,10.433333333333334
Indiana,2010,10.083333333333334
Indiana,2011,8.908333333333333
Indiana,2012,8.225
Indiana,2013,7.5
Indiana,2014,5.95
Indiana,2015,4.783333333333333
Indiana,2016,4.366666666666666
Indiana,2017,3.4916666666666667
Indiana,2018,3.4333333333333336
Indiana,2019,3.2916666666666665
Indiana,2020,7.341666666666666
Indiana,2021,3.891666666666667
Indiana,2022,2.9916666666666667
Iowa,1976,4.083333333333333
Iowa,1977,4.008333333333334
Iowa,1978,3.841666666666667
Iowa,1979,4.175
Iowa,1980,5.933333333333334
Iowa,1981,6.516666666666667
Iowa,1982,8.4
Iowa,1983,8.233333333333333
Iowa,1984,7.0249999999999995
Iowa,1985,7.375
Iowa,1986,6.766666666666667
Iowa,1987,5.616666666666667
Iowa,1988,4.641666666666667
Iowa,1989,4.3
Iowa,1990,4.441666666666666
Iowa,1991,4.691666666666666
Iowa,1992,4.483333333333333
Iowa,1993,4.141666666666667
Iowa,1994,3.6
Iowa,1995,3.5083333333333333
Iowa,1996,3.5833333333333335
Iowa,1997,3.141666666666667
Iowa,1998,2.841666666666667
Iowa,1999,2.6583333333333337
Iowa,2000,2.6833333333333336
Iowa,2001,3.3249999999999997
Iowa,2002,4.0
Iowa,2003,4.45
Iowa,2004,4.5249999999999995
Iowa,2005,4.291666666666667
Iowa,2006,3.6999999999999997
Iowa,2007,3.716666666666667
Iowa,2008,4.183333333333334
Iowa,2009,6.3999999999999995
Iowa,2010,6.116666666666667
Iowa,2011,5.6499999999999995
Iowa,2012,5.058333333333334
Iowa,2013,4.7250000000000005
Iowa,2014,4.2250000000000005
Iowa,2015,3.6916666666666664
Iowa,2016,3.5749999999999997
Iowa,2017,3.0583333333333336
Iowa,2018,2.5749999999999997
Iowa,2019,2.6666666666666665
Iowa,2020,5.2
Iowa,2021,3.8166666666666664
Iowa,2022,2.7416666666666667
Kansas,1976,4.1499999999999995
Kansas,1977,3.875
Kansas,1978,3.0416666666666665
Kansas,1979,3.108333333333333
Kansas,1980,4.3999999999999995
Kansas,1981,4.325
Kansas,1982,6.3
Kansas,1983,5.891666666666667
Kansas,1984,4.983333333333333
Kansas,1985,5.133333333333333
Kansas,1986,5.358333333333333
Kansas,1987,4.816666666666666
Kansas,1988,4.491666666666666
Kansas,1989,4.1499999999999995
Kansas,1990,4.25
Kansas,1991,4.45
Kansas,1992,4.566666666666666
Kansas,1993,4.941666666666667
Kansas,1994,4.783333333333333
Kansas,1995,4.358333333333333
Kansas,1996,4.25
Kansas,1997,3.7916666666666665
Kansas,1998,3.6750000000000003
Kansas,1999,3.483333333333333
Kansas,2000,3.775
Kansas,2001,4.266666666666667
Kansas,2002,5.083333333333333
Kansas,2003,5.55
Kansas,2004,5.508333333333333
Kansas,2005,5.066666666666666
Kansas,2006,4.425
Kansas,2007,4.233333333333333
Kansas,2008,4.608333333333333
Kansas,2009,6.891666666666667
Kansas,2010,6.933333333333334
Kansas,2011,6.383333333333333
Kansas,2012,5.716666666666666
Kansas,2013,5.3
Kansas,2014,4.508333333333334
Kansas,2015,4.1499999999999995
Kansas,2016,4.016666666666667
Kansas,2017,3.6166666666666667
Kansas,2018,3.358333333333333
Kansas,2019,3.275
Kansas,2020,5.8500000000000005
Kansas,2021,3.3083333333333336
Kansas,2022,2.6666666666666665
Kentucky,1976,5.416666666666667
Kentucky,1977,4.8500000000000005
Kentucky,1978,5.05
Kentucky,1979,5.533333333333334
Kentucky,1980,8.0
Kentucky,1981,8.591666666666667
Kentucky,1982,10.825000000000001
Kentucky,1983,11.266666666666666
Kentucky,1984,9.066666666666666
Kentucky,1985,9.0
Kentucky,1986,9.258333333333333
Kentucky,1987,8.275
Kentucky,1988,7.45
Kentucky,1989,6.341666666666666
Kentucky,1990,6.041666666666667
Kentucky,1991,7.316666666666666
Kentucky,1992,6.891666666666667
Kentucky,1993,6.191666666666666
Kentucky,1994,5.3500000000000005
Kentucky,1995,5.3999999999999995
Kentucky,1996,5.383333333333333
Kentucky,1997,5.2250000000000005
Kentucky,1998,4.508333333333334
Kentucky,1999,4.491666666666666
Kentucky,2000,4.141666666666667
Kentucky,2001,5.208333333333333
Kentucky,2002,5.791666666666667
Kentucky,2003,6.191666666666666
Kentucky,2004,5.5
Kentucky,2005,5.875
Kentucky,2006,5.7250000000000005
Kentucky,2007,5.366666666666667
Kentucky,2008,6.5249999999999995
Kentucky,2009,10.766666666666666
Kentucky,2010,10.266666666666667
Kentucky,2011,9.375
Kentucky,2012,8.2
Kentucky,2013,7.916666666666667
Kentucky,2014,6.416666666666667
Kentucky,2015,5.233333333333333
Kentucky,2016,5.033333333333333
Kentucky,2017,4.7749999999999995
Kentucky,2018,4.2
Kentucky,2019,4.1
Kentucky,2020,6.449999999999999
Kentucky,2021,4.425
Kentucky,2022,3.908333333333333
Los Angeles County,1976,8.816666666666666
Los Angeles County,1977,8.049999999999999
Los Angeles County,1978,6.808333333333334
Los Angeles County,1979,5.583333333333333
Los Angeles County,1980,6.533333333333334
Los Angeles County,1981,7.016666666666667
Los Angeles County,1982,9.416666666666666
Los Angeles County,1983,9.683333333333334
Los Angeles County,1984,7.7749999999999995
Los Angeles County,1985,7.058333333333334
Los Angeles County,1986,6.658333333333334
Los Angeles County,1987,5.858333333333333
Los Angeles County,1988,5.125
Los Angeles County,1989,5.383333333333333
Los Angeles County,1990,5.95
Los Angeles County,1991,8.025
Los Angeles County,1992,9.833333333333334
Los Angeles County,1993,10.0
Los Angeles County,1994,9.200000000000001
Los Angeles County,1995,8.15
Los Angeles County,1996,8.133333333333333
Los Angeles County,1997,6.8999999999999995
Los Angeles County,1998,6.516666666666667
Los Angeles County,1999,5.916666666666667
Los Angeles County,2000,5.416666666666667
Los Angeles County,2001,5.733333333333333
Los Angeles County,2002,6.841666666666666
Los Angeles County,2003,7.0
Los Angeles County,2004,6.466666666666666
Los Angeles County,2005,5.316666666666666
Los Angeles County,2006,4.791666666666667
Los Angeles County,2007,5.125
Los Angeles County,2008,7.566666666666666
Los Angeles County,2009,11.741666666666667
Los Angeles County,2010,12.558333333333332
Los Angeles County,2011,12.241666666666667
Los Angeles County,2012,11.0
Los Angeles County,2013,9.783333333333333
Los Angeles County,2014,8.258333333333333
Los Angeles County,2015,6.683333333333334
Los Angeles County,2016,5.341666666666666
Los Angeles County,2017,4.825
Los Angeles County,2018,4.641666666666667
Los Angeles County,2019,4.491666666666666
Los Angeles County,2020,12.375
Los Angeles County,2021,8.941666666666666
Los Angeles County,2022,4.866666666666666
Louisiana,1976,6.641666666666667
Louisiana,1977,6.933333333333334
Louisiana,1978,6.8
Louisiana,1979,6.6499999999999995
Louisiana,1980,7.05
Louisiana,1981,8.441666666666666
Louisiana,1982,10.216666666666667
Louisiana,1983,11.549999999999999
Louisiana,1984,10.208333333333334
Louisiana,1985,11.441666666666668
Louisiana,1986,12.516666666666666
Louisiana,1987,11.825000000000001
Louisiana,1988,10.591666666666667
Louisiana,1989,7.858333333333333
Louisiana,1990,6.233333333333333
Louisiana,1991,7.241666666666667
Louisiana,1992,7.833333333333333
Louisiana,1993,7.458333333333333
Louisiana,1994,7.6499999999999995
Louisiana,1995,6.866666666666667
Louisiana,1996,6.458333333333333
Louisiana,1997,5.883333333333333
Louisiana,1998,5.516666666666667
Louisiana,1999,4.9750000000000005
Louisiana,2000,5.15
Louisiana,2001,5.6000000000000005
Louisiana,2002,5.991666666666667
Louisiana,2003,6.283333333333334
Louisiana,2004,5.7
Louisiana,2005,7.058333333333334
Louisiana,2006,4.133333333333334
Louisiana,2007,4.091666666666667
Louisiana,2008,4.666666666666667
Louisiana,2009,6.791666666666667
Louisiana,2010,7.516666666666667
Louisiana,2011,7.433333333333334
Louisiana,2012,6.766666666666667
Louisiana,2013,6.416666666666667
Louisiana,2014,6.25
Louisiana,2015,6.291666666666667
Louisiana,2016,6.066666666666666
Louisiana,2017,5.108333333333333
Louisiana,2018,4.825
Louisiana,2019,4.616666666666666
Louisiana,2020,8.666666666666666
Louisiana,2021,5.6000000000000005
Louisiana,2022,3.625
Maine,1976,8.65
Maine,1977,8.358333333333333
Maine,1978,6.416666666666667
Maine,1979,6.625
Maine,1980,7.4750000000000005
Maine,1981,7.241666666666667
Maine,1982,8.583333333333334
Maine,1983,8.283333333333333
Maine,1984,6.125
Maine,1985,5.558333333333334
Maine,1986,5.2749999999999995
Maine,1987,4.366666666666666
Maine,1988,3.6833333333333336
Maine,1989,4.008333333333334
Maine,1990,5.358333333333333
Maine,1991,7.783333333333334
Maine,1992,7.333333333333333
Maine,1993,6.816666666666666
Maine,1994,6.566666666666666
Maine,1995,5.875
Maine,1996,5.325
Maine,1997,5.191666666666666
Maine,1998,4.458333333333333
Maine,1999,4.008333333333334
Maine,2000,3.3333333333333335
Maine,2001,3.75
Maine,2002,4.458333333333333
Maine,2003,5.1499999999999995
Maine,2004,4.658333333333333
Maine,2005,4.891666666666667
Maine,2006,4.716666666666667
Maine,2007,4.691666666666666
Maine,2008,5.3999999999999995
Maine,2009,8.391666666666667
Maine,2010,8.416666666666666
Maine,2011,7.7250000000000005
Maine,2012,7.191666666666666
Maine,2013,6.683333333333334
Maine,2014,5.558333333333334
Maine,2015,4.383333333333334
Maine,2016,3.775
Maine,2017,3.358333333333333
Maine,2018,3.1750000000000003
Maine,2019,2.9416666666666664
Maine,2020,5.116666666666667
Maine,2021,4.616666666666666
Maine,2022,2.941666666666667
Maryland,1976,6.55
Maryland,1977,6.108333333333333
Maryland,1978,5.608333333333333
Maryland,1979,5.7749999999999995
Maryland,1980,6.6000000000000005
Maryland,1981,7.083333333333333
Maryland,1982,8.258333333333333
Maryland,1983,6.933333333333334
Maryland,1984,5.341666666666666
Maryland,1985,4.625
Maryland,1986,4.55
Maryland,1987,4.308333333333334
Maryland,1988,4.175
Maryland,1989,3.7916666666666665
Maryland,1990,4.325
Maryland,1991,5.941666666666666
Maryland,1992,6.533333333333334
Maryland,1993,5.991666666666666
Maryland,1994,5.2
Maryland,1995,4.983333333333333
Maryland,1996,4.933333333333333
Maryland,1997,4.808333333333334
Maryland,1998,4.241666666666666
Maryland,1999,3.4583333333333335
Maryland,2000,3.516666666666667
Maryland,2001,4.208333333333333
Maryland,2002,4.7749999999999995
Maryland,2003,4.8
Maryland,2004,4.616666666666666
Maryland,2005,4.4750000000000005
Maryland,2006,4.175
Maryland,2007,3.733333333333334
Maryland,2008,4.5249999999999995
Maryland,2009,7.55
Maryland,2010,7.825
Maryland,2011,7.316666666666666
Maryland,2012,6.866666666666667
Maryland,2013,6.516666666666667
Maryland,2014,5.733333333333333
Maryland,2015,4.991666666666666
Maryland,2016,4.291666666666667
Maryland,2017,4.0
Maryland,2018,3.8166666666666664
Maryland,2019,3.391666666666667
Maryland,2020,6.516666666666667
Maryland,2021,5.316666666666666
Maryland,2022,3.233333333333334
Massachusetts,1976,9.741666666666667
Massachusetts,1977,7.866666666666667
Massachusetts,1978,6.158333333333334
Massachusetts,1979,5.483333333333333
Massachusetts,1980,5.766666666666667
Massachusetts,1981,6.391666666666667
Massachusetts,1982,7.791666666666667
Massachusetts,1983,6.933333333333334
Massachusetts,1984,4.7749999999999995
Massachusetts,1985,4.1499999999999995
Massachusetts,1986,4.0
Massachusetts,1987,3.341666666666667
Massachusetts,1988,3.3083333333333336
Massachusetts,1989,4.2250000000000005
Massachusetts,1990,6.383333333333333
Massachusetts,1991,8.858333333333333
Massachusetts,1992,8.775
Massachusetts,1993,7.3
Massachusetts,1994,6.233333333333333
Massachusetts,1995,5.458333333333333
Massachusetts,1996,4.616666666666667
Massachusetts,1997,4.058333333333334
Massachusetts,1998,3.375
Massachusetts,1999,3.283333333333333
Massachusetts,2000,2.8166666666666664
Massachusetts,2001,3.783333333333333
Massachusetts,2002,5.216666666666667
Massachusetts,2003,5.733333333333333
Massachusetts,2004,5.108333333333333
Massachusetts,2005,4.8
Massachusetts,2006,4.7
Massachusetts,2007,4.516666666666667
Massachusetts,2008,5.333333333333333
Massachusetts,2009,8.075000000000001
Massachusetts,2010,8.058333333333334
Massachusetts,2011,7.2250000000000005
Massachusetts,2012,6.7
Massachusetts,2013,6.641666666666667
Massachusetts,2014,5.741666666666667
Massachusetts,2015,4.791666666666667
Massachusetts,2016,4.041666666666667
Massachusetts,2017,3.7916666666666665
Massachusetts,2018,3.475
Massachusetts,2019,3.016666666666667
Massachusetts,2020,9.424999999999999
Massachusetts,2021,5.5249999999999995
Massachusetts,2022,3.766666666666667
Michigan,1976,9.4
Michigan,1977,8.225
Michigan,1978,7.033333333333334
Michigan,1979,7.866666666666667
Michigan,1980,12.299999999999999
Michigan,1981,12.375
Michigan,1982,15.458333333333334
Michigan,1983,14.483333333333334
Michigan,1984,11.233333333333334
Michigan,1985,10.0
Michigan,1986,8.908333333333333
Michigan,1987,8.391666666666667
Michigan,1988,7.566666666666666
Michigan,1989,7.183333333333334
Michigan,1990,7.7
Michigan,1991,9.283333333333333
Michigan,1992,9.066666666666666
Michigan,1993,7.3500000000000005
Michigan,1994,6.083333333333333
Michigan,1995,5.316666666666666
Michigan,1996,4.891666666666667
Michigan,1997,4.291666666666667
Michigan,1998,3.975
Michigan,1999,3.7416666666666667
Michigan,2000,3.6916666666666664
Michigan,2001,5.158333333333333
Michigan,2002,6.191666666666666
Michigan,2003,7.091666666666666
Michigan,2004,6.95
Michigan,2005,6.791666666666667
Michigan,2006,7.033333333333334
Michigan,2007,7.083333333333333
Michigan,2008,8.216666666666667
Michigan,2009,13.133333333333333
Michigan,2010,12.191666666666668
Michigan,2011,10.008333333333333
Michigan,2012,9.058333333333334
Michigan,2013,8.725
Michigan,2014,7.233333333333333
Michigan,2015,5.425
Michigan,2016,5.008333333333334
Michigan,2017,4.575
Michigan,2018,4.158333333333333
Michigan,2019,4.066666666666666
Michigan,2020,10.0
Michigan,2021,5.8500000000000005
Michigan,2022,4.208333333333333
Minnesota,1976,5.8
Minnesota,1977,5.2749999999999995
Minnesota,1978,3.908333333333333
Minnesota,1979,4.325
Minnesota,1980,5.758333333333333
Minnesota,1981,5.758333333333333
Minnesota,1982,7.925
Minnesota,1983,7.925
Minnesota,1984,6.291666666666667
Minnesota,1985,6.0249999999999995
Minnesota,1986,5.583333333333333
Minnesota,1987,5.083333333333333
Minnesota,1988,4.316666666666666
Minnesota,1989,4.3500000000000005
Minnesota,1990,4.708333333333333
Minnesota,1991,5.108333333333333
Minnesota,1992,5.033333333333333
Minnesota,1993,4.841666666666667
Minnesota,1994,4.016666666666667
Minnesota,1995,3.6666666666666665
Minnesota,1996,3.783333333333333
Minnesota,1997,3.225
Minnesota,1998,2.6750000000000003
Minnesota,1999,2.7083333333333335
Minnesota,2000,3.033333333333333
Minnesota,2001,3.775
Minnesota,2002,4.466666666666667
Minnesota,2003,4.783333333333333
Minnesota,2004,4.583333333333333
Minnesota,2005,4.1
Minnesota,2006,4.058333333333333
Minnesota,2007,4.583333333333333
Minnesota,2008,5.433333333333334
Minnesota,2009,7.908333333333334
Minnesota,2010,7.391666666666667
Minnesota,2011,6.5249999999999995
Minnesota,2012,5.6499999999999995
Minnesota,2013,5.041666666666667
Minnesota,2014,4.266666666666667
Minnesota,2015,3.7916666666666665
Minnesota,2016,3.875
Minnesota,2017,3.483333333333333
Minnesota,2018,3.025
Minnesota,2019,3.25
Minnesota,2020,6.266666666666667
Minnesota,2021,3.783333333333333
Minnesota,2022,2.6666666666666665
Mississippi,1976,6.491666666666667
Mississippi,1977,7.208333333333333
Mississippi,1978,6.75
Mississippi,1979,5.733333333333333
Mississippi,1980,7.3999999999999995
Mississippi,1981,8.516666666666667
Mississippi,1982,11.008333333333333
Mississippi,1983,11.966666666666667
Mississippi,1984,10.616666666666665
Mississippi,1985,10.433333333333334
Mississippi,1986,11.424999999999999
Mississippi,1987,10.049999999999999
Mississippi,1988,8.549999999999999
Mississippi,1989,7.908333333333334
Mississippi,1990,7.583333333333333
Mississippi,1991,8.391666666666667
Mississippi,1992,7.974999999999999
Mississippi,1993,6.733333333333333
Mississippi,1994,6.291666666666667
Mississippi,1995,6.2
Mississippi,1996,5.991666666666667
Mississippi,1997,5.7
Mississippi,1998,5.241666666666666
Mississippi,1999,5.108333333333333
Mississippi,2000,5.325
Mississippi,2001,5.491666666666667
Mississippi,2002,6.425
Mississippi,2003,6.141666666666667
Mississippi,2004,6.158333333333334
Mississippi,2005,7.6000000000000005
Mississippi,2006,6.375
Mississippi,2007,6.1499999999999995
Mississippi,2008,6.708333333333333
Mississippi,2009,9.358333333333333
Mississippi,2010,10.083333333333334
Mississippi,2011,9.775
Mississippi,2012,8.825000000000001
Mississippi,2013,8.491666666666665
Mississippi,2014,7.591666666666666
Mississippi,2015,6.483333333333333
Mississippi,2016,5.966666666666666
Mississippi,2017,5.233333333333333
Mississippi,2018,4.958333333333333
Mississippi,2019,5.5249999999999995
Mississippi,2020,8.049999999999999
Mississippi,2021,5.5
Mississippi,2022,3.908333333333333
Missouri,1976,6.183333333333334
Missouri,1977,6.016666666666667
Missouri,1978,4.8999999999999995
Missouri,1979,4.791666666666667
Missouri,1980,7.183333333333334
Missouri,1981,7.708333333333333
Missouri,1982,9.266666666666667
Missouri,1983,9.958333333333334
Missouri,1984,7.375
Missouri,1985,6.616666666666667
Missouri,1986,6.391666666666667
Missouri,1987,6.25
Missouri,1988,5.7
Missouri,1989,5.55
Missouri,1990,5.916666666666667
Missouri,1991,6.566666666666666
Missouri,1992,6.175
Missouri,1993,6.2250000000000005
Missouri,1994,5.175
Missouri,1995,4.825
Missouri,1996,4.708333333333333
Missouri,1997,4.3500000000000005
Missouri,1998,4.033333333333333
Missouri,1999,3.233333333333333
Missouri,2000,3.4166666666666665
Missouri,2001,4.491666666666666
Missouri,2002,5.283333333333333
Missouri,2003,5.658333333333334
Missouri,2004,5.875
Missouri,2005,5.3999999999999995
Missouri,2006,4.875
Missouri,2007,5.083333333333333
Missouri,2008,6.216666666666666
Missouri,2009,9.025
Missouri,2010,9.508333333333333
Missouri,2011,8.641666666666667
Missouri,2012,7.191666666666666
Missouri,2013,6.7749999999999995
Missouri,2014,6.1499999999999995
Missouri,2015,5.108333333333333
Missouri,2016,4.55
Missouri,2017,3.7416666666666667
Missouri,2018,3.2416666666666667
Missouri,2019,3.2083333333333335
Missouri,2020,6.191666666666666
Missouri,2021,4.083333333333333
Missouri,2022,2.4916666666666667
Montana,1976,5.875
Montana,1977,6.1499999999999995
Montana,1978,5.566666666666666
Montana,1979,5.208333333333333
Montana,1980,6.316666666666666
Montana,1981,6.7250000000000005
Montana,1982,8.608333333333333
Montana,1983,8.741666666666667
Montana,1984,7.508333333333333
Montana,1985,7.666666666666667
Montana,1986,7.95
Montana,1987,7.466666666666666
Montana,1988,6.633333333333333
Montana,1989,5.958333333333333
Montana,1990,6.058333333333334
Montana,1991,6.933333333333334
Montana,1992,6.708333333333333
Montana,1993,6.116666666666667
Montana,1994,5.491666666666667
Montana,1995,5.708333333333333
Montana,1996,5.558333333333334
Montana,1997,5.5
Montana,1998,5.608333333333333
Montana,1999,5.308333333333334
Montana,2000,4.833333333333333
Montana,2001,4.608333333333333
Montana,2002,4.55
Montana,2003,4.741666666666666
Montana,2004,4.508333333333334
Montana,2005,4.066666666666666
Montana,2006,3.341666666666667
Montana,2007,3.358333333333333
Montana,2008,4.7250000000000005
Montana,2009,7.116666666666667
Montana,2010,7.183333333333334
Montana,2011,6.625
Montana,2012,5.8
Montana,2013,5.341666666666666
Montana,2014,4.666666666666667
Montana,2015,4.291666666666667
Montana,2016,4.325
Montana,2017,4.091666666666666
Montana,2018,3.75
Montana,2019,3.5
Montana,2020,5.841666666666666
Montana,2021,3.3833333333333333
Montana,2022,2.6333333333333333
Nebraska,1976,3.15
Nebraska,1977,3.3666666666666667
Nebraska,1978,2.966666666666667
Nebraska,1979,2.85
Nebraska,1980,3.8083333333333336
Nebraska,1981,4.125
Nebraska,1982,5.5
Nebraska,1983,5.566666666666666
Nebraska,1984,4.491666666666667
Nebraska,1985,5.05
Nebraska,1986,4.833333333333333
Nebraska,1987,4.208333333333333
Nebraska,1988,3.4416666666666664
Nebraska,1989,2.858333333333333
Nebraska,1990,2.375
Nebraska,1991,2.6583333333333337
Nebraska,1992,2.8666666666666667
Nebraska,1993,2.766666666666667
Nebraska,1994,2.6166666666666667
Nebraska,1995,2.6333333333333333
Nebraska,1996,2.6666666666666665
Nebraska,1997,2.408333333333333
Nebraska,1998,2.5083333333333333
Nebraska,1999,2.716666666666667
Nebraska,2000,2.7916666666666665
Nebraska,2001,3.15
Nebraska,2002,3.6833333333333336
Nebraska,2003,3.9416666666666664
Nebraska,2004,3.908333333333333
Nebraska,2005,3.7583333333333333
Nebraska,2006,3.0416666666666665
Nebraska,2007,2.9250000000000003
Nebraska,2008,3.2583333333333333
Nebraska,2009,4.658333333333333
Nebraska,2010,4.7
Nebraska,2011,4.3999999999999995
Nebraska,2012,3.8833333333333333
Nebraska,2013,3.6750000000000003
Nebraska,2014,3.25
Nebraska,2015,2.983333333333333
Nebraska,2016,3.0666666666666664
Nebraska,2017,2.975
Nebraska,2018,2.9250000000000003
Nebraska,2019,3.125
Nebraska,2020,4.308333333333334
Nebraska,2021,2.6916666666666664
Nebraska,2022,2.341666666666667
Nevada,1976,8.825
Nevada,1977,6.766666666666667
Nevada,1978,4.416666666666667
Nevada,1979,4.866666666666666
Nevada,1980,6.316666666666666
Nevada,1981,7.316666666666666
Nevada,1982,10.049999999999999
Nevada,1983,9.841666666666667
Nevada,1984,7.658333333333334
Nevada,1985,7.4750000000000005
Nevada,1986,6.383333333333333
Nevada,1987,6.2
Nevada,1988,5.241666666666666
Nevada,1989,4.658333333333333
Nevada,1990,4.7
Nevada,1991,5.8999999999999995
Nevada,1992,6.8
Nevada,1993,6.8999999999999995
Nevada,1994,6.241666666666667
Nevada,1995,5.566666666666666
Nevada,1996,5.058333333333334
Nevada,1997,4.375
Nevada,1998,4.175
Nevada,1999,3.9666666666666663
Nevada,2000,4.116666666666666
Nevada,2001,5.191666666666666
Nevada,2002,5.683333333333334
Nevada,2003,5.283333333333334
Nevada,2004,4.458333333333333
Nevada,2005,4.125
Nevada,2006,4.066666666666666
Nevada,2007,4.591666666666667
Nevada,2008,6.883333333333333
Nevada,2009,11.725
Nevada,2010,13.733333333333334
Nevada,2011,13.316666666666668
Nevada,2012,11.608333333333334
Nevada,2013,9.966666666666667
Nevada,2014,8.158333333333333
Nevada,2015,6.8500000000000005
Nevada,2016,5.808333333333334
Nevada,2017,4.983333333333333
Nevada,2018,4.383333333333334
Nevada,2019,4.108333333333333
Nevada,2020,13.700000000000001
Nevada,2021,6.941666666666666
Nevada,2022,5.358333333333333
New Hampshire,1976,6.425
New Hampshire,1977,5.566666666666666
New Hampshire,1978,3.8166666666666664
New Hampshire,1979,3.1333333333333333
New Hampshire,1980,4.508333333333334
New Hampshire,1981,5.058333333333334
New Hampshire,1982,6.866666666666667
New Hampshire,1983,5.5
New Hampshire,1984,4.2
New Hampshire,1985,3.658333333333333
New Hampshire,1986,2.658333333333333
New Hampshire,1987,2.2083333333333335
New Hampshire,1988,2.375
New Hampshire,1989,3.341666666666667
New Hampshire,1990,5.2749999999999995
New Hampshire,1991,6.8
New Hampshire,1992,7.3
New Hampshire,1993,6.1000000000000005
New Hampshire,1994,4.491666666666666
New Hampshire,1995,3.8249999999999997
New Hampshire,1996,3.7416666666666667
New Hampshire,1997,3.3666666666666667
New Hampshire,1998,2.8333333333333335
New Hampshire,1999,2.75
New Hampshire,2000,2.65
New Hampshire,2001,3.391666666666667
New Hampshire,2002,4.491666666666666
New Hampshire,2003,4.466666666666667
New Hampshire,2004,3.8000000000000003
New Hampshire,2005,3.625
New Hampshire,2006,3.533333333333333
New Hampshire,2007,3.525
New Hampshire,2008,3.766666666666666
New Hampshire,2009,6.141666666666667
New Hampshire,2010,6.083333333333333
New Hampshire,2011,5.45
New Hampshire,2012,5.466666666666666
New Hampshire,2013,5.25
New Hampshire,2014,4.325
New Hampshire,2015,3.391666666666667
New Hampshire,2016,2.8833333333333333
New Hampshire,2017,2.808333333333333
New Hampshire,2018,2.625
New Hampshire,2019,2.566666666666667
New Hampshire,2020,6.716666666666666
New Hampshire,2021,3.4
New Hampshire,2022,2.5
New Jersey,1976,10.383333333333335
New Jersey,1977,9.283333333333333
New Jersey,1978,7.241666666666667
New Jersey,1979,6.866666666666667
New Jersey,1980,7.175
New Jersey,1981,7.5249999999999995
New Jersey,1982,8.708333333333334
New Jersey,1983,8.191666666666666
New Jersey,1984,6.266666666666667
New Jersey,1985,5.608333333333333
New Jersey,1986,5.033333333333333
New Jersey,1987,4.033333333333333
New Jersey,1988,3.75
New Jersey,1989,4.05
New Jersey,1990,5.066666666666666
New Jersey,1991,6.783333333333334
New Jersey,1992,8.508333333333333
New Jersey,1993,7.7749999999999995
New Jersey,1994,6.825
New Jersey,1995,6.416666666666667
New Jersey,1996,6.116666666666667
New Jersey,1997,5.325
New Jersey,1998,4.558333333333334
New Jersey,1999,4.3999999999999995
New Jersey,2000,3.6500000000000004
New Jersey,2001,4.233333333333333
New Jersey,2002,5.766666666666667
New Jersey,2003,5.841666666666666
New Jersey,2004,4.925
New Jersey,2005,4.441666666666666
New Jersey,2006,4.616666666666666
New Jersey,2007,4.208333333333333
New Jersey,2008,5.45
New Jersey,2009,8.933333333333334
New Jersey,2010,9.658333333333333
New Jersey,2011,9.375
New Jersey,2012,9.383333333333335
New Jersey,2013,8.375
New Jersey,2014,6.733333333333333
New Jersey,2015,5.7
New Jersey,2016,4.941666666666666
New Jersey,2017,4.533333333333333
New Jersey,2018,4.008333333333334
New Jersey,2019,3.4499999999999997
New Jersey,2020,9.450000000000001
New Jersey,2021,6.608333333333333
New Jersey,2022,3.6666666666666665
New Mexico,1976,8.716666666666667
New Mexico,1977,7.733333333333333
New Mexico,1978,6.191666666666666
New Mexico,1979,6.666666666666667
New Mexico,1980,7.608333333333333
New Mexico,1981,7.2250000000000005
New Mexico,1982,9.033333333333333
New Mexico,1983,9.708333333333334
New Mexico,1984,7.716666666666666
New Mexico,1985,8.575
New Mexico,1986,9.233333333333333
New Mexico,1987,8.924999999999999
New Mexico,1988,7.591666666666666
New Mexico,1989,6.75
New Mexico,1990,6.675
New Mexico,1991,7.266666666666667
New Mexico,1992,7.316666666666666
New Mexico,1993,7.283333333333334
New Mexico,1994,6.533333333333334
New Mexico,1995,6.6499999999999995
New Mexico,1996,7.483333333333333
New Mexico,1997,6.433333333333334
New Mexico,1998,6.241666666666667
New Mexico,1999,5.6000000000000005
New Mexico,2000,5.0249999999999995
New Mexico,2001,4.958333333333333
New Mexico,2002,5.483333333333333
New Mexico,2003,5.8999999999999995
New Mexico,2004,5.558333333333334
New Mexico,2005,5.183333333333334
New Mexico,2006,4.233333333333333
New Mexico,2007,3.591666666666667
New Mexico,2008,4.3
New Mexico,2009,7.05
New Mexico,2010,7.7749999999999995
New Mexico,2011,7.216666666666666
New Mexico,2012,6.966666666666666
New Mexico,2013,6.908333333333334
New Mexico,2014,6.591666666666666
New Mexico,2015,6.6000000000000005
New Mexico,2016,6.75
New Mexico,2017,6.041666666666667
New Mexico,2018,4.925
New Mexico,2019,4.958333333333333
New Mexico,2020,7.925
New Mexico,2021,7.058333333333334
New Mexico,2022,4.0249999999999995
New York,1976,10.208333333333334
New York,1977,9.166666666666666
New York,1978,7.708333333333333
New York,1979,7.1000000000000005
New York,1980,7.433333333333334
New York,1981,7.558333333333334
New York,1982,8.700000000000001
New York,1983,8.883333333333333
New York,1984,7.2250000000000005
New York,1985,6.6000000000000005
New York,1986,6.216666666666666
New York,1987,4.791666666666667
New York,1988,4.233333333333333
New York,1989,4.866666666666666
New York,1990,5.3500000000000005
New York,1991,7.308333333333334
New York,1992,8.683333333333334
New York,1993,7.925
New York,1994,6.916666666666667
New York,1995,6.333333333333333
New York,1996,6.258333333333333
New York,1997,6.3999999999999995
New York,1998,5.6000000000000005
New York,1999,5.183333333333334
New York,2000,4.508333333333334
New York,2001,4.875
New York,2002,6.2
New York,2003,6.3999999999999995
New York,2004,5.791666666666667
New York,2005,4.958333333333333
New York,2006,4.533333333333333
New York,2007,4.433333333333334
New York,2008,5.408333333333334
New York,2009,8.366666666666667
New York,2010,8.716666666666667
New York,2011,8.358333333333333
New York,2012,8.625
New York,2013,7.791666666666667
New York,2014,6.291666666666667
New York,2015,5.233333333333333
New York,2016,4.875
New York,2017,4.633333333333334
New York,2018,4.1000000000000005
New York,2019,3.85
New York,2020,9.85
New York,2021,7.016666666666667
New York,2022,4.25
New York city,1976,11.1
New York city,1977,10.200000000000001
New York city,1978,8.966666666666667
New York city,1979,8.641666666666667
New York city,1980,8.475
New York city,1981,8.858333333333333
New York city,1982,9.725
New York city,1983,9.816666666666666
New York city,1984,8.916666666666666
New York city,1985,8.1
New York city,1986,7.333333333333333
New York city,1987,5.575
New York city,1988,5.091666666666667
New York city,1989,6.458333333333333
New York city,1990,6.841666666666666
New York city,1991,8.866666666666667
New York city,1992,11.083333333333334
New York city,1993,10.35
New York city,1994,8.775
New York city,1995,8.191666666666666
New York city,1996,8.775
New York city,1997,9.333333333333334
New York city,1998,7.866666666666667
New York city,1999,6.858333333333333
New York city,2000,5.75
New York city,2001,6.083333333333333
New York city,2002,8.016666666666667
New York city,2003,8.275
New York city,2004,6.95
New York city,2005,5.633333333333333
New York city,2006,4.916666666666667
New York city,2007,4.8500000000000005
New York city,2008,5.591666666666666
New York city,2009,9.258333333333333
New York city,2010,9.583333333333334
New York city,2011,9.133333333333333
New York city,2012,9.441666666666666
New York city,2013,8.808333333333334
New York city,2014,7.066666666666666
New York city,2015,5.566666666666666
New York city,2016,5.1499999999999995
New York city,2017,4.5249999999999995
New York city,2018,4.1499999999999995
New York city,2019,3.9499999999999997
New York city,2020,12.366666666666667
New York city,2021,10.033333333333333
New York city,2022,5.608333333333333
North Carolina,1976,6.191666666666666
North Carolina,1977,5.891666666666667
North Carolina,1978,4.541666666666667
North Carolina,1979,4.833333333333333
North Carolina,1980,6.425
North Carolina,1981,6.425
North Carolina,1982,9.241666666666667
North Carolina,1983,8.883333333333333
North Carolina,1984,6.575
North Carolina,1985,5.6499999999999995
North Carolina,1986,5.308333333333334
North Carolina,1987,4.558333333333334
North Carolina,1988,3.6999999999999997
North Carolina,1989,3.5666666666666664
North Carolina,1990,4.116666666666666
North Carolina,1991,5.908333333333334
North Carolina,1992,6.25
North Carolina,1993,5.116666666666666
North Carolina,1994,4.416666666666667
North Carolina,1995,4.358333333333333
North Carolina,1996,4.341666666666667
North Carolina,1997,3.8333333333333335
North Carolina,1998,3.533333333333333
North Carolina,1999,3.283333333333333
North Carolina,2000,3.7583333333333333
North Carolina,2001,5.625
North Carolina,2002,6.925
North Carolina,2003,6.716666666666666
North Carolina,2004,5.858333333333333
North Carolina,2005,5.6000000000000005
North Carolina,2006,5.133333333333334
North Carolina,2007,5.091666666666667
North Carolina,2008,6.208333333333333
North Carolina,2009,11.033333333333333
North Carolina,2010,10.716666666666667
North Carolina,2011,10.233333333333333
North Carolina,2012,9.516666666666667
North Carolina,2013,7.733333333333333
North Carolina,2014,6.108333333333333
North Carolina,2015,5.658333333333334
North Carolina,2016,5.1
North Carolina,2017,4.5249999999999995
North Carolina,2018,3.9916666666666667
North Carolina,2019,3.8666666666666667
North Carolina,2020,7.2749999999999995
North Carolina,2021,4.875
North Carolina,2022,3.641666666666667
North Dakota,1976,3.7583333333333333
North Dakota,1977,4.441666666666666
North Dakota,1978,4.133333333333334
North Dakota,1979,4.183333333333333
North Dakota,1980,4.891666666666667
North Dakota,1981,4.925
North Dakota,1982,5.591666666666666
North Dakota,1983,5.875
North Dakota,1984,5.3500000000000005
North Dakota,1985,5.458333333333333
North Dakota,1986,5.55
North Dakota,1987,4.95
North Dakota,1988,4.6
North Dakota,1989,4.283333333333333
North Dakota,1990,4.133333333333334
North Dakota,1991,4.366666666666666
North Dakota,1992,4.566666666666666
North Dakota,1993,4.2749999999999995
North Dakota,1994,3.7083333333333335
North Dakota,1995,3.3166666666666664
North Dakota,1996,3.141666666666667
North Dakota,1997,2.9499999999999997
North Dakota,1998,2.9499999999999997
North Dakota,1999,3.141666666666667
North Dakota,2000,2.9250000000000003
North Dakota,2001,2.8333333333333335
North Dakota,2002,3.375
North Dakota,2003,3.475
North Dakota,2004,3.3833333333333333
North Dakota,2005,3.3083333333333336
North Dakota,2006,3.1
North Dakota,2007,3.016666666666667
North Dakota,2008,3.108333333333333
North Dakota,2009,3.9166666666666665
North Dakota,2010,3.6916666666666664
North Dakota,2011,3.358333333333333
North Dakota,2012,2.9333333333333336
North Dakota,2013,2.891666666666666
North Dakota,2014,2.6166666666666667
North Dakota,2015,2.783333333333333
North Dakota,2016,3.1
North Dakota,2017,2.6083333333333334
North Dakota,2018,2.408333333333333
North Dakota,2019,2.1666666666666665
North Dakota,2020,4.991666666666666
North Dakota,2021,3.0666666666666664
North Dakota,2022,2.0833333333333335
Ohio,1976,7.7250000000000005
Ohio,1977,6.458333333333333
Ohio,1978,5.516666666666667
Ohio,1979,5.866666666666667
Ohio,1980,8.316666666666666
Ohio,1981,9.566666666666666
Ohio,1982,12.575000000000001
Ohio,1983,12.35
Ohio,1984,9.466666666666667
Ohio,1985,8.916666666666666
Ohio,1986,8.316666666666666
Ohio,1987,7.108333333333333
Ohio,1988,6.016666666666667
Ohio,1989,5.575
Ohio,1990,5.791666666666667
Ohio,1991,6.533333333333334
Ohio,1992,7.391666666666667
Ohio,1993,6.675
Ohio,1994,5.666666666666667
Ohio,1995,4.866666666666666
Ohio,1996,4.991666666666666
Ohio,1997,4.625
Ohio,1998,4.3500000000000005
Ohio,1999,4.325
Ohio,2000,4.116666666666666
Ohio,2001,4.375
Ohio,2002,5.791666666666667
Ohio,2003,6.216666666666666
Ohio,2004,6.25
Ohio,2005,5.933333333333334
Ohio,2006,5.416666666666667
Ohio,2007,5.608333333333333
Ohio,2008,6.6000000000000005
Ohio,2009,10.141666666666667
Ohio,2010,10.266666666666667
Ohio,2011,8.816666666666666
Ohio,2012,7.408333333333334
Ohio,2013,7.458333333333333
Ohio,2014,5.8
Ohio,2015,4.95
Ohio,2016,5.075
Ohio,2017,4.966666666666667
Ohio,2018,4.5
Ohio,2019,4.183333333333334
Ohio,2020,8.291666666666666
Ohio,2021,5.133333333333334
Ohio,2022,4.0249999999999995
Oklahoma,1976,5.583333333333333
Oklahoma,1977,4.766666666666667
Oklahoma,1978,3.3166666666666664
Oklahoma,1979,3.091666666666667
Oklahoma,1980,4.125
Oklahoma,1981,3.5666666666666664
Oklahoma,1982,6.075
Oklahoma,1983,8.108333333333333
Oklahoma,1984,6.791666666666667
Oklahoma,1985,7.083333333333333
Oklahoma,1986,8.316666666666666
Oklahoma,1987,7.158333333333334
Oklahoma,1988,6.316666666666666
Oklahoma,1989,5.741666666666667
Oklahoma,1990,5.383333333333333
Oklahoma,1991,6.0
Oklahoma,1992,5.866666666666667
Oklahoma,1993,5.6499999999999995
Oklahoma,1994,5.3
Oklahoma,1995,4.458333333333333
Oklahoma,1996,4.0
Oklahoma,1997,3.9583333333333335
Oklahoma,1998,4.075
Oklahoma,1999,3.466666666666667
Oklahoma,2000,2.9916666666666667
Oklahoma,2001,3.625
Oklahoma,2002,4.625
Oklahoma,2003,5.408333333333334
Oklahoma,2004,4.708333333333333
Oklahoma,2005,4.325
Oklahoma,2006,3.9166666666666665
Oklahoma,2007,3.966666666666667
Oklahoma,2008,3.6166666666666667
Oklahoma,2009,6.558333333333334
Oklahoma,2010,6.5
Oklahoma,2011,5.591666666666666
Oklahoma,2012,5.116666666666666
Oklahoma,2013,5.116666666666666
Oklahoma,2014,4.333333333333333
Oklahoma,2015,4.291666666666667
Oklahoma,2016,4.658333333333333
Oklahoma,2017,4.033333333333333
Oklahoma,2018,3.2916666666666665
Oklahoma,2019,3.1333333333333333
Oklahoma,2020,6.316666666666666
Oklahoma,2021,4.016666666666667
Oklahoma,2022,3.025
Oregon,1976,9.266666666666667
Oregon,1977,7.433333333333334
Oregon,1978,6.116666666666667
Oregon,1979,6.7250000000000005
Oregon,1980,8.416666666666666
Oregon,1981,9.700000000000001
Oregon,1982,11.358333333333334
Oregon,1983,10.833333333333334
Oregon,1984,9.299999999999999
Oregon,1985,8.658333333333333
Oregon,1986,7.925
Oregon,1987,6.158333333333334
Oregon,1988,5.733333333333333
Oregon,1989,5.333333333333333
Oregon,1990,5.3999999999999995
Oregon,1991,6.2
Oregon,1992,7.2749999999999995
Oregon,1993,6.983333333333333
Oregon,1994,5.308333333333334
Oregon,1995,4.766666666666667
Oregon,1996,5.558333333333334
Oregon,1997,5.55
Oregon,1998,5.641666666666667
Oregon,1999,5.466666666666666
Oregon,2000,5.191666666666666
Oregon,2001,6.375
Oregon,2002,7.4750000000000005
Oregon,2003,8.016666666666667
Oregon,2004,7.341666666666666
Oregon,2005,6.191666666666666
Oregon,2006,5.391666666666667
Oregon,2007,5.158333333333333
Oregon,2008,6.2749999999999995
Oregon,2009,10.791666666666666
Oregon,2010,10.691666666666668
Oregon,2011,9.608333333333333
Oregon,2012,8.808333333333334
Oregon,2013,7.75
Oregon,2014,6.641666666666667
Oregon,2015,5.466666666666666
Oregon,2016,4.75
Oregon,2017,4.058333333333333
Oregon,2018,4.041666666666667
Oregon,2019,3.725
Oregon,2020,7.616666666666667
Oregon,2021,5.208333333333333
Oregon,2022,4.133333333333334
Pennsylvania,1976,8.008333333333333
Pennsylvania,1977,7.741666666666667
Pennsylvania,1978,7.008333333333333
Pennsylvania,1979,6.9750000000000005
Pennsylvania,1980,8.141666666666667
Pennsylvania,1981,8.366666666666667
Pennsylvania,1982,10.9
Pennsylvania,1983,11.108333333333334
Pennsylvania,1984,8.933333333333334
Pennsylvania,1985,8.0
Pennsylvania,1986,6.983333333333333
Pennsylvania,1987,5.75
Pennsylvania,1988,5.133333333333334
Pennsylvania,1989,4.8999999999999995
Pennsylvania,1990,5.516666666666667
Pennsylvania,1991,6.916666666666667
Pennsylvania,1992,7.45
Pennsylvania,1993,6.933333333333334
Pennsylvania,1994,6.316666666666666
Pennsylvania,1995,5.875
Pennsylvania,1996,5.491666666666667
Pennsylvania,1997,5.141666666666667
Pennsylvania,1998,4.691666666666666
Pennsylvania,1999,4.491666666666666
Pennsylvania,2000,4.225
Pennsylvania,2001,4.808333333333334
Pennsylvania,2002,5.533333333333334
Pennsylvania,2003,5.7
Pennsylvania,2004,5.358333333333333
Pennsylvania,2005,4.983333333333333
Pennsylvania,2006,4.708333333333333
Pennsylvania,2007,4.558333333333334
Pennsylvania,2008,5.3500000000000005
Pennsylvania,2009,7.974999999999999
Pennsylvania,2010,8.166666666666666
Pennsylvania,2011,7.741666666666667
Pennsylvania,2012,7.658333333333334
Pennsylvania,2013,7.1000000000000005
Pennsylvania,2014,5.933333333333334
Pennsylvania,2015,5.391666666666667
Pennsylvania,2016,5.341666666666666
Pennsylvania,2017,4.9750000000000005
Pennsylvania,2018,4.416666666666667
Pennsylvania,2019,4.325
Pennsylvania,2020,8.916666666666666
Pennsylvania,2021,6.033333333333334
Pennsylvania,2022,4.3500000000000005
Rhode Island,1976,8.008333333333333
Rhode Island,1977,8.041666666666666
Rhode Island,1978,6.308333333333334
Rhode Island,1979,6.316666666666666
Rhode Island,1980,7.241666666666667
Rhode Island,1981,7.558333333333334
Rhode Island,1982,9.991666666666667
Rhode Island,1983,8.458333333333334
Rhode Island,1984,5.316666666666666
Rhode Island,1985,4.658333333333333
Rhode Island,1986,4.075
Rhode Island,1987,3.6999999999999997
Rhode Island,1988,2.9416666666666664
Rhode Island,1989,3.9
Rhode Island,1990,6.25
Rhode Island,1991,8.416666666666666
Rhode Island,1992,8.983333333333333
Rhode Island,1993,7.541666666666667
Rhode Island,1994,6.633333333333333
Rhode Island,1995,6.316666666666666
Rhode Island,1996,5.2250000000000005
Rhode Island,1997,5.325
Rhode Island,1998,4.541666666666667
Rhode Island,1999,4.2
Rhode Island,2000,4.0
Rhode Island,2001,4.441666666666666
Rhode Island,2002,5.108333333333333
Rhode Island,2003,5.575
Rhode Island,2004,5.25
Rhode Island,2005,5.108333333333333
Rhode Island,2006,5.216666666666667
Rhode Island,2007,5.108333333333333
Rhode Island,2008,7.6000000000000005
Rhode Island,2009,11.391666666666666
Rhode Island,2010,11.625
Rhode Island,2011,11.016666666666666
Rhode Island,2012,10.216666666666667
Rhode Island,2013,9.475
Rhode Island,2014,7.766666666666667
Rhode Island,2015,6.0249999999999995
Rhode Island,2016,5.241666666666666
Rhode Island,2017,4.508333333333334
Rhode Island,2018,4.033333333333333
Rhode Island,2019,3.5500000000000003
Rhode Island,2020,9.208333333333334
Rhode Island,2021,5.508333333333333
Rhode Island,2022,3.216666666666667
South Carolina,1976,7.0249999999999995
South Carolina,1977,6.733333333333333
South Carolina,1978,5.558333333333334
South Carolina,1979,4.983333333333333
South Carolina,1980,6.7250000000000005
South Carolina,1981,8.15
South Carolina,1982,10.775
South Carolina,1983,9.891666666666667
South Carolina,1984,6.95
South Carolina,1985,6.8
South Carolina,1986,6.366666666666667
South Carolina,1987,5.483333333333333
South Carolina,1988,4.633333333333334
South Carolina,1989,4.616666666666666
South Carolina,1990,4.908333333333333
South Carolina,1991,6.108333333333333
South Carolina,1992,6.75
South Carolina,1993,7.291666666666667
South Carolina,1994,6.158333333333334
South Carolina,1995,5.1000000000000005
South Carolina,1996,5.666666666666667
South Carolina,1997,4.5
South Carolina,1998,3.6333333333333333
South Carolina,1999,4.141666666666667
South Carolina,2000,3.733333333333333
South Carolina,2001,5.283333333333333
South Carolina,2002,6.433333333333334
South Carolina,2003,7.191666666666666
South Carolina,2004,7.441666666666666
South Carolina,2005,7.291666666666667
South Carolina,2006,6.875
South Carolina,2007,6.066666666666666
South Carolina,2008,7.291666666666667
South Carolina,2009,11.408333333333333
South Carolina,2010,11.299999999999999
South Carolina,2011,10.45
South Carolina,2012,9.033333333333333
South Carolina,2013,7.425
South Carolina,2014,6.2749999999999995
South Carolina,2015,5.8999999999999995
South Carolina,2016,4.916666666666667
South Carolina,2017,4.2
South Carolina,2018,3.375
South Carolina,2019,2.783333333333333
South Carolina,2020,5.983333333333333
South Carolina,2021,3.983333333333333
South Carolina,2022,3.2583333333333333
South Dakota,1976,3.3166666666666664
South Dakota,1977,3.375
South Dakota,1978,3.158333333333333
South Dakota,1979,3.358333333333333
South Dakota,1980,4.716666666666666
South Dakota,1981,4.808333333333333
South Dakota,1982,5.425
South Dakota,1983,5.208333333333333
South Dakota,1984,4.366666666666666
South Dakota,1985,4.825
South Dakota,1986,4.633333333333334
South Dakota,1987,4.3
South Dakota,1988,4.091666666666667
South Dakota,1989,3.8499999999999996
South Dakota,1990,3.625
South Dakota,1991,3.525
South Dakota,1992,3.475
South Dakota,1993,3.4583333333333335
South Dakota,1994,3.283333333333333
South Dakota,1995,3.1833333333333336
South Dakota,1996,3.2916666666666665
South Dakota,1997,2.9416666666666664
South Dakota,1998,2.841666666666667
South Dakota,1999,2.725
South Dakota,2000,2.533333333333333
South Dakota,2001,3.0
South Dakota,2002,3.233333333333333
South Dakota,2003,3.475
South Dakota,2004,3.608333333333334
South Dakota,2005,3.5500000000000003
South Dakota,2006,3.0
South Dakota,2007,2.8249999999999997
South Dakota,2008,3.0833333333333335
South Dakota,2009,4.583333333333333
South Dakota,2010,4.908333333333334
South Dakota,2011,4.6000000000000005
South Dakota,2012,4.058333333333333
South Dakota,2013,3.6999999999999997
South Dakota,2014,3.3333333333333335
South Dakota,2015,3.0500000000000003
South Dakota,2016,3.016666666666667
South Dakota,2017,3.0500000000000003
South Dakota,2018,2.7916666666666665
South Dakota,2019,2.783333333333333
South Dakota,2020,4.2250000000000005
South Dakota,2021,2.6416666666666666
South Dakota,2022,2.066666666666667
Tennessee,1976,6.1000000000000005
Tennessee,1977,6.266666666666667
Tennessee,1978,5.841666666666666
Tennessee,1979,5.858333333333333
Tennessee,1980,7.2250000000000005
Tennessee,1981,8.9
Tennessee,1982,11.674999999999999
Tennessee,1983,11.65
Tennessee,1984,8.841666666666667
Tennessee,1985,7.916666666666667
Tennessee,1986,7.8999999999999995
Tennessee,1987,6.691666666666666
Tennessee,1988,5.791666666666667
Tennessee,1989,5.083333333333333
Tennessee,1990,5.3500000000000005
Tennessee,1991,6.6000000000000005
Tennessee,1992,6.45
Tennessee,1993,5.8500000000000005
Tennessee,1994,4.808333333333334
Tennessee,1995,5.158333333333333
Tennessee,1996,5.166666666666667
Tennessee,1997,5.266666666666667
Tennessee,1998,4.3500000000000005
Tennessee,1999,3.9583333333333335
Tennessee,2000,3.8666666666666667
Tennessee,2001,4.516666666666667
Tennessee,2002,5.125
Tennessee,2003,5.508333333333333
Tennessee,2004,5.3500000000000005
Tennessee,2005,5.5249999999999995
Tennessee,2006,5.275
Tennessee,2007,4.633333333333334
Tennessee,2008,6.516666666666667
Tennessee,2009,10.116666666666667
Tennessee,2010,9.825000000000001
Tennessee,2011,9.108333333333333
Tennessee,2012,7.958333333333333
Tennessee,2013,7.7250000000000005
Tennessee,2014,6.6000000000000005
Tennessee,2015,5.566666666666666
Tennessee,2016,4.758333333333334
Tennessee,2017,3.75
Tennessee,2018,3.5
Tennessee,2019,3.341666666666667
Tennessee,2020,7.533333333333334
Tennessee,2021,4.491666666666666
Tennessee,2022,3.3666666666666667
Texas,1976,5.816666666666666
Texas,1977,5.433333333333334
Texas,1978,4.866666666666666
Texas,1979,4.416666666666667
Texas,1980,5.25
Texas,1981,5.3500000000000005
Texas,1982,6.8999999999999995
Texas,1983,8.058333333333334
Texas,1984,6.158333333333334
Texas,1985,7.0249999999999995
Texas,1986,8.75
Texas,1987,8.508333333333333
Texas,1988,7.416666666666667
Texas,1989,6.7250000000000005
Texas,1990,6.383333333333333
Texas,1991,6.983333333333333
Texas,1992,7.683333333333334
Texas,1993,7.216666666666666
Texas,1994,6.566666666666666
Texas,1995,6.116666666666667
Texas,1996,5.75
Texas,1997,5.391666666666667
Texas,1998,4.966666666666667
Texas,1999,4.7250000000000005
Texas,2000,4.383333333333334
Texas,2001,4.958333333333333
Texas,2002,6.358333333333333
Texas,2003,6.733333333333333
Texas,2004,6.016666666666667
Texas,2005,5.458333333333333
Texas,2006,5.0
Texas,2007,4.366666666666666
Texas,2008,4.866666666666666
Texas,2009,7.541666666666667
Texas,2010,8.191666666666666
Texas,2011,8.016666666666667
Texas,2012,6.708333333333333
Texas,2013,6.3
Texas,2014,5.191666666666666
Texas,2015,4.483333333333333
Texas,2016,4.6499999999999995
Texas,2017,4.341666666666667
Texas,2018,3.9
Texas,2019,3.525
Texas,2020,7.7250000000000005
Texas,2021,5.6499999999999995
Texas,2022,3.875
Utah,1976,5.608333333333333
Utah,1977,5.208333333333333
Utah,1978,3.8666666666666667
Utah,1979,4.3999999999999995
Utah,1980,6.2749999999999995
Utah,1981,6.6499999999999995
Utah,1982,8.108333333333333
Utah,1983,9.016666666666667
Utah,1984,6.566666666666666
Utah,1985,6.05
Utah,1986,6.158333333333334
Utah,1987,6.266666666666667
Utah,1988,4.958333333333333
Utah,1989,4.6
Utah,1990,4.383333333333334
Utah,1991,4.758333333333334
Utah,1992,4.875
Utah,1993,4.05
Utah,1994,3.7416666666666667
Utah,1995,3.4333333333333336
Utah,1996,3.375
Utah,1997,3.1666666666666665
Utah,1998,3.5583333333333336
Utah,1999,3.5083333333333333
Utah,2000,3.3249999999999997
Utah,2001,4.366666666666666
Utah,2002,5.666666666666667
Utah,2003,5.566666666666666
Utah,2004,5.008333333333334
Utah,2005,4.041666666666667
Utah,2006,2.8666666666666667
Utah,2007,2.558333333333333
Utah,2008,3.341666666666667
Utah,2009,7.258333333333333
Utah,2010,7.933333333333334
Utah,2011,7.058333333333334
Utah,2012,4.7749999999999995
Utah,2013,4.208333333333333
Utah,2014,3.6333333333333333
Utah,2015,3.5083333333333333
Utah,2016,3.35
Utah,2017,3.1666666666666665
Utah,2018,2.9166666666666665
Utah,2019,2.5416666666666665
Utah,2020,4.8500000000000005
Utah,2021,2.7583333333333333
Utah,2022,2.3000000000000003
Vermont,1976,8.258333333333333
Vermont,1977,7.008333333333333
Vermont,1978,5.658333333333334
Vermont,1979,4.983333333333333
Vermont,1980,5.933333333333334
Vermont,1981,5.8500000000000005
Vermont,1982,6.8500000000000005
Vermont,1983,6.541666666666667
Vermont,1984,4.916666666666667
Vermont,1985,4.583333333333333
Vermont,1986,4.316666666666666
Vermont,1987,3.766666666666667
Vermont,1988,3.0083333333333333
Vermont,1989,3.625
Vermont,1990,4.708333333333333
Vermont,1991,5.958333333333333
Vermont,1992,6.25
Vermont,1993,5.208333333333333
Vermont,1994,4.4
Vermont,1995,4.166666666666667
Vermont,1996,4.291666666666667
Vermont,1997,3.9416666666666664
Vermont,1998,3.466666666666667
Vermont,1999,3.0749999999999997
Vermont,2000,2.8083333333333336
Vermont,2001,3.2916666666666665
Vermont,2002,3.8333333333333335
Vermont,2003,4.383333333333334
Vermont,2004,3.6750000000000003
Vermont,2005,3.4499999999999997
Vermont,2006,3.716666666666667
Vermont,2007,3.9416666666666664
Vermont,2008,4.566666666666666
Vermont,2009,6.166666666666667
Vermont,2010,6.316666666666666
Vermont,2011,5.566666666666666
Vermont,2012,4.816666666666667
Vermont,2013,4.416666666666667
Vermont,2014,3.9916666666666667
Vermont,2015,3.533333333333333
Vermont,2016,3.125
Vermont,2017,3.0083333333333333
Vermont,2018,2.4833333333333334
Vermont,2019,2.1
Vermont,2020,5.716666666666666
Vermont,2021,3.6999999999999997
Vermont,2022,2.625
Virginia,1976,5.866666666666667
Virginia,1977,5.45
Virginia,1978,5.275
Virginia,1979,4.725
Virginia,1980,5.108333333333333
Virginia,1981,5.941666666666666
Virginia,1982,7.408333333333334
Virginia,1983,6.3500000000000005
Virginia,1984,5.066666666666666
Virginia,1985,5.408333333333334
Virginia,1986,4.95
Virginia,1987,4.183333333333334
Virginia,1988,3.908333333333333
Virginia,1989,3.891666666666667
Virginia,1990,4.416666666666667
Virginia,1991,5.808333333333334
Virginia,1992,6.158333333333334
Virginia,1993,5.2
Virginia,1994,4.8
Virginia,1995,4.45
Virginia,1996,4.316666666666666
Virginia,1997,3.6999999999999997
Virginia,1998,2.775
Virginia,1999,2.6999999999999997
Virginia,2000,2.283333333333333
Virginia,2001,3.283333333333333
Virginia,2002,4.358333333333333
Virginia,2003,4.341666666666667
Virginia,2004,4.083333333333333
Virginia,2005,3.8249999999999997
Virginia,2006,3.341666666666667
Virginia,2007,3.283333333333333
Virginia,2008,4.2749999999999995
Virginia,2009,6.833333333333333
Virginia,2010,7.291666666666667
Virginia,2011,6.541666666666667
Virginia,2012,5.95
Virginia,2013,5.55
Virginia,2014,5.116666666666666
Virginia,2015,4.366666666666666
Virginia,2016,4.0
Virginia,2017,3.6666666666666665
Virginia,2018,3.0083333333333333
Virginia,2019,2.7583333333333333
Virginia,2020,6.508333333333333
Virginia,2021,3.8833333333333333
Virginia,2022,2.8333333333333335
Washington,1976,8.783333333333333
Washington,1977,8.375
Washington,1978,6.808333333333334
Washington,1979,6.791666666666667
Washington,1980,7.925
Washington,1981,9.325000000000001
Washington,1982,11.633333333333333
Washington,1983,11.200000000000001
Washington,1984,9.316666666666666
Washington,1985,8.241666666666667
Washington,1986,8.091666666666667
Washington,1987,7.3
Washington,1988,6.283333333333334
Washington,1989,5.916666666666667
Washington,1990,5.166666666666667
Washington,1991,6.091666666666666
Washington,1992,7.191666666666666
Washington,1993,7.2749999999999995
Washington,1994,6.291666666666667
Washington,1995,6.2250000000000005
Washington,1996,5.908333333333334
Washington,1997,4.941666666666666
Washington,1998,4.833333333333333
Washington,1999,4.825
Washington,2000,5.091666666666667
Washington,2001,6.008333333333333
Washington,2002,7.074999999999999
Washington,2003,7.233333333333333
Washington,2004,6.3
Washington,2005,5.591666666666666
Washington,2006,5.0
Washington,2007,4.6000000000000005
Washington,2008,5.291666666666667
Washington,2009,8.266666666666667
Washington,2010,9.133333333333333
Washington,2011,8.525
Washington,2012,7.641666666666667
Washington,2013,6.633333333333333
Washington,2014,5.925
Washington,2015,5.433333333333334
Washington,2016,5.2250000000000005
Washington,2017,4.641666666666667
Washington,2018,4.425
Washington,2019,4.233333333333333
Washington,2020,8.450000000000001
Washington,2021,5.208333333333333
Washington,2022,4.175
West Virginia,1976,7.2250000000000005
West Virginia,1977,6.916666666666667
West Virginia,1978,6.341666666666666
West Virginia,1979,7.325
West Virginia,1980,10.133333333333333
West Virginia,1981,10.591666666666667
West Virginia,1982,14.041666666666666
West Virginia,1983,17.233333333333334
West Virginia,1984,14.091666666666667
West Virginia,1985,13.15
West Virginia,1986,12.058333333333332
West Virginia,1987,10.975
West Virginia,1988,9.941666666666666
West Virginia,1989,8.733333333333333
West Virginia,1990,8.625
West Virginia,1991,10.65
West Virginia,1992,11.233333333333334
West Virginia,1993,10.308333333333334
West Virginia,1994,8.816666666666666
West Virginia,1995,7.966666666666666
West Virginia,1996,7.6499999999999995
West Virginia,1997,6.983333333333333
West Virginia,1998,6.683333333333334
West Virginia,1999,6.45
West Virginia,2000,5.575
West Virginia,2001,5.391666666666667
West Virginia,2002,6.458333333333333
West Virginia,2003,6.566666666666666
West Virginia,2004,5.766666666666667
West Virginia,2005,5.425
West Virginia,2006,5.2
West Virginia,2007,4.825
West Virginia,2008,4.75
West Virginia,2009,8.299999999999999
West Virginia,2010,8.633333333333333
West Virginia,2011,7.825
West Virginia,2012,7.258333333333333
West Virginia,2013,6.716666666666666
West Virginia,2014,6.5
West Virginia,2015,6.583333333333333
West Virginia,2016,6.091666666666666
West Virginia,2017,5.208333333333333
West Virginia,2018,5.166666666666667
West Virginia,2019,4.933333333333334
West Virginia,2020,8.275
West Virginia,2021,5.108333333333333
West Virginia,2022,3.9166666666666665
Wisconsin,1976,5.508333333333333
Wisconsin,1977,5.058333333333334
Wisconsin,1978,4.866666666666666
Wisconsin,1979,4.533333333333333
Wisconsin,1980,7.366666666666667
Wisconsin,1981,7.816666666666666
Wisconsin,1982,10.316666666666666
Wisconsin,1983,9.766666666666667
Wisconsin,1984,7.283333333333334
Wisconsin,1985,7.125
Wisconsin,1986,6.783333333333334
Wisconsin,1987,5.716666666666666
Wisconsin,1988,4.383333333333334
Wisconsin,1989,4.283333333333333
Wisconsin,1990,4.366666666666666
Wisconsin,1991,5.375
Wisconsin,1992,5.091666666666667
Wisconsin,1993,4.375
Wisconsin,1994,4.2
Wisconsin,1995,3.716666666666667
Wisconsin,1996,3.608333333333333
Wisconsin,1997,3.475
Wisconsin,1998,3.283333333333333
Wisconsin,1999,3.0749999999999997
Wisconsin,2000,3.391666666666667
Wisconsin,2001,4.433333333333334
Wisconsin,2002,5.325
Wisconsin,2003,5.616666666666667
Wisconsin,2004,4.9750000000000005
Wisconsin,2005,4.741666666666666
Wisconsin,2006,4.675
Wisconsin,2007,4.825
Wisconsin,2008,4.983333333333333
Wisconsin,2009,8.958333333333334
Wisconsin,2010,8.5
Wisconsin,2011,7.533333333333332
Wisconsin,2012,6.925
Wisconsin,2013,6.641666666666667
Wisconsin,2014,5.3500000000000005
Wisconsin,2015,4.425
Wisconsin,2016,3.908333333333333
Wisconsin,2017,3.2583333333333333
Wisconsin,2018,2.975
Wisconsin,2019,3.1666666666666665
Wisconsin,2020,6.391666666666667
Wisconsin,2021,3.841666666666667
Wisconsin,2022,2.9333333333333336
Wyoming,1976,3.858333333333333
Wyoming,1977,3.2416666666666667
Wyoming,1978,2.858333333333333
Wyoming,1979,2.533333333333333
Wyoming,1980,3.8249999999999997
Wyoming,1981,4.1499999999999995
Wyoming,1982,5.966666666666666
Wyoming,1983,7.958333333333333
Wyoming,1984,6.308333333333334
Wyoming,1985,7.016666666666667
Wyoming,1986,8.608333333333333
Wyoming,1987,8.033333333333333
Wyoming,1988,6.433333333333334
Wyoming,1989,6.075
Wyoming,1990,5.125
Wyoming,1991,4.966666666666667
Wyoming,1992,5.416666666666667
Wyoming,1993,5.325
Wyoming,1994,4.883333333333334
Wyoming,1995,4.783333333333333
Wyoming,1996,5.0
Wyoming,1997,4.783333333333333
Wyoming,1998,4.791666666666667
Wyoming,1999,4.708333333333333
Wyoming,2000,3.75
Wyoming,2001,3.8166666666666664
Wyoming,2002,4.008333333333334
Wyoming,2003,4.325
Wyoming,2004,3.841666666666667
Wyoming,2005,3.5416666666666665
Wyoming,2006,3.0083333333333333
Wyoming,2007,2.6916666666666664
Wyoming,2008,2.9333333333333336
Wyoming,2009,6.258333333333333
Wyoming,2010,6.941666666666666
Wyoming,2011,6.133333333333333
Wyoming,2012,5.5
Wyoming,2013,4.733333333333333
Wyoming,2014,4.341666666666667
Wyoming,2015,4.208333333333333
Wyoming,2016,5.333333333333333
Wyoming,2017,4.325
Wyoming,2018,4.058333333333333
Wyoming,2019,3.716666666666667
Wyoming,2020,5.8999999999999995
Wyoming,2021,4.625
Wyoming,2022,3.5666666666666664
